{
      "timestamp": "2022-03-10 18:42:14.167850+05:30",
      "Phase": "A",
      "criticality": "High",
      "health": "Poor",
      "ora_longitude": 180.0,
      "kW": 198.87880467106675,
      "ora_latitude": 90.0,
      "pitchAngle": 44.77086897640162,
      "hubRotationalSpeed": 73.51968403779927,
      "temperature": 20.67089053617305,
      "ora_altitude": 50.0,
      "distGenStatus": "Off",
      "conditionRating": 4.0,
      "amps": 29.847245984267747,
      "pof": 70.0,
      "rul": 1000.0,
      "towerVibration": 109.08347590560649,
      "kV": 11.67697955775285,
      "kVAr": 55.39271765598149,
      "limit_kVA": 1000.0,
      "target_kVAr": 50.0,
      "kVA": 207.5969991590319,
      "target_kW": 200.0,
      "machineTemperature": 51.88874318151723,
      "windSpeed": 8.0
}
